SpellID,TalentID,Rank
724,1637,0
974,1698,0
1329,1719,0
3674,1322,0
5570,788,0
5923,1627,0
5924,1627,1
5925,1627,2
5926,1627,3
5952,2072,0
9452,1633,0
9453,1628,0
9799,1632,0
10060,322,0
11069,26,0
11070,37,0
11071,38,0
11078,27,0
11080,27,1
11083,23,0
11094,24,0
11095,25,0
11100,28,0
11103,30,0
11108,31,0
11113,32,0
11115,33,0
11119,34,0
11120,34,1
11124,35,0
11129,36,0
11151,61,0
11160,66,0
11170,67,0
11175,65,0
11180,68,0
11185,63,0
11189,70,0
11190,64,0
11207,73,0
11210,74,0
11213,75,0
11222,76,0
11232,77,0
11237,80,0
11242,81,0
11247,82,0
11252,83,0
11255,88,0
11366,29,0
11367,33,1
11368,33,2
11426,71,0
11958,72,0
12042,87,0
12043,86,0
12163,136,0
12281,123,0
12282,124,0
12284,125,0
12285,126,0
12286,127,0
12287,141,0
12289,129,0
12290,131,0
12292,165,0
12294,135,0
12295,128,0
12296,137,0
12297,138,0
12298,1601,0
12299,140,0
12300,641,0
12301,142,0
12308,146,0
12311,149,0
12312,150,0
12313,151,0
12317,155,0
12318,154,0
12319,156,0
12320,157,0
12321,158,0
12322,159,0
12323,160,0
12324,161,0
12328,133,0
12329,166,0
12330,2233,1
12338,26,1
12339,26,2
12340,26,3
12341,26,4
12349,31,1
12350,31,2
12351,23,1
12353,28,1
12357,30,1
12358,30,2
12378,35,1
12398,35,2
12399,35,3
12400,35,4
12463,80,1
12464,80,2
12467,81,1
12469,81,2
12472,69,0
12473,37,1
12487,63,1
12488,63,2
12489,64,1
12490,64,2
12496,38,1
12497,38,2
12500,77,1
12501,77,2
12502,77,3
12503,77,4
12518,66,1
12519,66,2
12569,65,1
12571,65,2
12574,75,1
12575,75,2
12576,75,3
12577,75,4
12592,74,1
12598,88,1
12605,83,1
12606,82,1
12658,127,1
12663,124,1
12664,124,2
12665,141,1
12666,141,2
12668,129,1
12672,73,1
12676,128,1
12677,128,2
12697,126,1
12700,132,0
12701,125,1
12702,125,2
12703,125,3
12704,125,4
12711,136,1
12712,136,2
12724,1601,1
12725,1601,2
12726,1601,3
12727,1601,4
12750,138,1
12751,138,2
12752,138,3
12753,138,4
12761,140,1
12762,140,2
12763,140,3
12764,140,4
12781,132,1
12783,132,2
12784,132,3
12785,132,4
12797,147,0
12799,147,1
12803,150,1
12804,151,1
12809,152,0
12810,146,1
12811,146,2
12812,123,1
12813,123,2
12814,123,3
12815,123,4
12818,142,1
12834,121,0
12835,158,1
12839,76,1
12840,76,2
12846,34,2
12847,34,3
12848,34,4
12849,121,1
12852,157,1
12853,157,2
12855,157,3
12856,157,4
12857,154,1
12858,154,2
12860,154,3
12861,154,4
12862,2233,0
12867,121,2
12872,25,1
12873,25,2
12876,161,1
12877,161,2
12878,161,3
12879,161,4
12950,166,1
12952,61,1
12953,61,2
12958,149,1
12959,641,1
12960,641,2
12963,131,1
12971,156,1
12972,156,2
12973,156,3
12974,156,4
12975,153,0
12982,67,1
12983,67,2
12999,159,1
13000,159,2
13001,159,3
13002,159,4
13043,24,1
13045,155,1
13046,155,2
13047,155,3
13048,155,4
13705,181,0
13706,182,0
13709,184,0
13712,186,0
13713,187,0
13715,221,0
13732,201,0
13733,277,0
13741,203,0
13742,204,0
13743,222,0
13750,205,0
13754,206,0
13788,186,1
13789,186,2
13792,203,2
13793,203,1
13800,184,1
13801,184,2
13802,184,3
13803,184,4
13804,182,1
13805,182,2
13806,182,3
13807,182,4
13832,181,1
13843,181,2
13844,181,3
13845,181,4
13848,221,1
13849,221,2
13851,221,3
13852,221,4
13853,187,1
13854,187,2
13863,201,1
13865,277,1
13866,277,2
13867,206,1
13872,204,1
13875,222,1
13877,223,0
13958,241,0
13960,242,0
13961,242,1
13962,242,2
13963,242,3
13964,242,4
13970,241,1
13971,241,2
13975,244,0
13976,245,0
13979,245,1
13980,245,2
13981,247,0
13983,246,0
14057,261,0
14062,244,1
14063,244,2
14066,247,1
14070,246,1
14071,246,2
14072,261,1
14076,262,0
14079,263,0
14080,263,1
14082,265,0
14083,265,1
14094,262,1
14113,268,0
14114,268,1
14115,268,2
14116,268,3
14117,268,4
14128,269,0
14132,269,1
14135,269,2
14136,269,3
14137,269,4
14138,270,0
14139,270,1
14140,270,2
14141,270,3
14142,270,4
14144,272,0
14148,272,1
14156,273,0
14158,274,0
14159,274,1
14160,273,1
14161,273,2
14162,276,0
14163,276,1
14164,276,2
14165,1827,0
14166,1827,1
14168,278,0
14169,278,1
14171,1123,0
14172,1123,1
14173,1123,2
14174,279,0
14175,279,1
14176,279,2
14177,280,0
14179,2244,0
14183,381,0
14185,284,0
14186,283,0
14190,283,1
14193,283,2
14194,283,3
14195,283,4
14251,301,0
14278,303,0
14520,341,0
14521,347,0
14522,342,0
14523,352,0
14531,321,0
14747,346,0
14748,343,0
14749,344,0
14750,350,0
14751,348,0
14767,344,1
14768,343,1
14769,343,2
14770,346,1
14771,346,2
14772,350,1
14774,321,1
14776,347,1
14777,347,2
14780,341,1
14781,341,2
14784,352,1
14785,352,2
14788,342,1
14789,342,2
14790,342,3
14791,342,4
14889,401,0
14892,361,0
14898,404,0
14901,402,0
14908,406,0
14909,403,0
14910,1781,0
14911,413,0
14912,408,0
14913,410,0
14983,382,0
15008,401,1
15009,401,2
15010,401,3
15011,401,4
15012,410,1
15013,408,1
15014,408,2
15017,403,1
15018,413,1
15020,406,1
15028,402,1
15029,402,2
15030,402,3
15031,402,4
15047,73,2
15058,421,0
15059,421,1
15060,421,2
15257,461,0
15259,462,0
15260,463,0
15270,465,0
15272,466,1
15273,481,0
15274,483,0
15275,482,0
15286,484,0
15307,462,1
15308,462,2
15309,462,3
15310,462,4
15311,483,1
15312,481,1
15313,481,2
15314,481,3
15316,481,4
15317,482,1
15318,466,0
15320,466,2
15327,463,1
15328,463,2
15331,461,1
15332,461,2
15335,465,1
15336,465,2
15337,2027,0
15338,2027,1
15349,404,1
15354,404,2
15355,404,3
15356,404,4
15362,361,1
15363,361,2
15392,542,0
15407,501,0
15448,542,1
15473,521,0
15487,541,0
16035,563,0
16038,561,0
16039,564,0
16040,575,0
16041,562,0
16043,2101,0
16086,567,0
16089,565,0
16105,563,1
16106,563,2
16107,563,3
16108,563,4
16109,564,1
16110,564,2
16111,564,3
16112,564,4
16113,575,1
16114,575,2
16115,575,3
16116,575,4
16130,2101,1
16160,561,1
16161,561,2
16164,574,0
16166,573,0
16173,595,0
16176,581,0
16178,592,0
16179,593,0
16180,583,0
16181,587,0
16182,586,0
16184,589,0
16187,588,0
16188,591,0
16190,590,0
16194,594,0
16196,583,1
16198,583,2
16205,588,1
16206,588,2
16209,589,1
16210,592,1
16211,592,2
16212,592,3
16213,592,4
16214,593,1
16215,593,2
16216,593,3
16217,593,4
16218,594,1
16219,594,2
16220,594,3
16221,594,4
16222,595,1
16223,595,2
16224,595,3
16225,595,4
16226,586,1
16227,586,2
16228,586,3
16229,586,4
16230,587,1
16232,587,2
16235,581,1
16240,581,2
16252,615,0
16254,601,0
16255,613,0
16256,602,0
16258,609,0
16259,610,0
16261,607,0
16262,605,0
16266,611,0
16268,616,0
16271,601,1
16272,601,2
16281,602,1
16282,602,2
16283,602,3
16284,602,4
16287,605,1
16290,607,1
16293,609,1
16295,610,1
16302,613,1
16303,613,2
16304,613,3
16305,613,4
16306,615,1
16307,615,2
16308,615,3
16309,615,4
16462,130,0
16463,130,1
16464,130,2
16465,130,3
16466,130,4
16487,661,0
16489,661,1
16492,661,2
16493,662,0
16494,662,1
16511,681,0
16513,682,0
16514,682,1
16515,682,2
16538,702,0
16539,702,1
16540,702,2
16541,702,3
16542,702,4
16544,567,1
16578,721,0
16579,721,1
16580,721,2
16581,721,3
16582,721,4
16757,741,0
16758,741,1
16763,37,2
16765,37,3
16766,37,4
16769,80,3
16770,80,4
16814,762,0
16815,762,1
16816,762,2
16817,762,3
16818,762,4
16819,764,0
16820,764,1
16821,763,0
16822,763,1
16833,826,0
16834,826,1
16835,826,2
16836,782,0
16839,782,1
16840,782,2
16845,783,0
16846,783,1
16847,783,2
16850,784,0
16858,795,0
16859,795,1
16860,795,2
16861,795,3
16862,795,4
16864,827,0
16880,789,0
16896,790,0
16897,790,1
16899,790,2
16909,792,0
16910,792,1
16911,792,2
16912,792,3
16913,792,4
16923,784,1
16924,784,2
16929,794,0
16930,794,1
16931,794,2
16934,796,0
16935,796,1
16936,796,2
16937,796,3
16938,796,4
16940,797,0
16941,797,1
16942,798,0
16943,798,1
16944,798,2
16947,799,0
16948,799,1
16949,799,2
16966,802,0
16968,802,1
16972,803,0
16974,803,1
16975,803,2
16998,805,0
16999,805,1
17002,807,0
17003,808,0
17004,808,1
17005,808,2
17006,808,3
17007,809,0
17050,821,0
17051,821,1
17056,822,0
17058,822,1
17059,822,2
17060,822,3
17061,822,4
17063,823,0
17065,823,1
17066,823,2
17069,824,0
17070,824,1
17071,824,2
17072,824,3
17073,824,4
17074,825,0
17075,825,1
17076,825,2
17077,825,3
17078,825,4
17104,828,0
17106,829,0
17107,829,1
17108,829,2
17111,830,0
17112,830,1
17113,830,2
17116,831,0
17118,841,0
17119,841,1
17120,841,2
17123,842,0
17124,842,1
17191,406,2
17322,881,0
17323,881,1
17364,901,0
17485,614,0
17486,614,1
17487,614,2
17488,614,3
17489,614,4
17778,941,0
17779,941,1
17780,941,2
17783,1001,0
17784,1001,1
17785,1001,2
17788,943,0
17789,943,1
17790,943,2
17791,943,3
17792,943,4
17793,944,0
17796,944,1
17801,944,2
17802,944,3
17803,944,4
17804,1004,0
17805,1004,1
17810,1003,0
17811,1003,1
17812,1003,2
17813,1003,3
17814,1003,4
17815,961,0
17833,961,1
17834,961,2
17877,963,0
17917,964,0
17918,964,1
17927,965,0
17929,965,1
17930,965,2
17954,966,0
17955,966,1
17956,966,2
17957,966,3
17958,966,4
17959,967,0
17962,968,0
18073,986,1
18094,1002,0
18095,1002,1
18096,986,0
18119,982,0
18120,982,1
18126,983,0
18127,983,1
18130,981,0
18135,985,0
18136,985,1
18174,1005,0
18175,1005,1
18176,1005,2
18179,1006,0
18180,1006,1
18182,1007,0
18183,1007,1
18213,1101,0
18218,1021,0
18219,1021,1
18220,1022,0
18223,1081,0
18271,1042,0
18272,1042,1
18273,1042,2
18274,1042,3
18275,1042,4
18288,1061,0
18372,1101,1
18427,1122,0
18428,1122,1
18429,1122,2
18459,1141,0
18460,1141,1
18462,1142,0
18463,1142,1
18464,1142,2
18530,1181,0
18531,1181,1
18533,1181,2
18534,1181,3
18535,1181,4
18551,1201,0
18552,1201,1
18553,1201,2
18554,1201,3
18555,1201,4
18562,844,0
18692,1221,0
18693,1221,1
18694,1222,0
18695,1222,1
18696,1222,2
18697,1223,0
18698,1223,1
18699,1223,2
18703,1224,0
18704,1224,1
18705,1225,0
18706,1225,1
18707,1225,2
18708,1226,0
18709,1227,0
18710,1227,1
18731,1242,0
18743,1242,1
18744,1242,2
18754,1243,0
18755,1243,1
18756,1243,2
18767,1261,0
18768,1261,1
18769,1262,0
18770,1262,1
18771,1262,2
18772,1262,3
18773,1262,4
18827,1284,0
18829,1284,1
19028,1282,0
19159,1621,0
19160,1621,1
19168,1303,0
19180,1303,1
19181,1303,2
19184,1304,0
19236,442,0
19255,1622,0
19256,1622,1
19257,1622,2
19258,1622,3
19259,1622,4
19286,1309,0
19287,1309,1
19290,1310,0
19294,1310,1
19295,1311,0
19297,1311,1
19298,1311,2
19306,1312,0
19370,1321,0
19371,1321,1
19373,1321,2
19376,1305,0
19386,1325,0
19387,1304,1
19388,1304,2
19407,1341,0
19412,1341,1
19416,1342,0
19417,1342,1
19418,1342,2
19419,1342,3
19420,1342,4
19421,1343,0
19422,1343,1
19423,1343,2
19426,1344,0
19427,1344,1
19429,1344,2
19430,1344,3
19431,1344,4
19434,1345,0
19454,1346,0
19455,1346,1
19456,1346,2
19461,1347,0
19462,1347,1
19464,1348,0
19465,1348,1
19466,1348,2
19485,1349,0
19487,1349,1
19488,1349,2
19489,1349,3
19490,1349,4
19498,1820,0
19499,1820,1
19500,1820,2
19503,1814,0
19506,1361,0
19507,1362,0
19508,1362,1
19509,1362,2
19549,1381,0
19550,1381,1
19551,1381,2
19552,1382,0
19553,1382,1
19554,1382,2
19555,1382,3
19556,1382,4
19559,1384,0
19560,1384,1
19572,1385,0
19573,1385,1
19574,1386,0
19575,1625,1
19577,1387,0
19578,1388,0
19583,1389,0
19584,1389,1
19585,1389,2
19586,1389,3
19587,1389,4
19590,1390,0
19592,1390,1
19598,1393,0
19599,1393,1
19600,1393,2
19601,1393,3
19602,1393,4
19609,1395,0
19610,1395,1
19612,1395,2
19616,1396,0
19617,1396,1
19618,1396,2
19619,1396,3
19620,1396,4
19621,1397,0
19622,1397,1
19623,1397,2
19624,1397,3
19625,1397,4
20042,1401,0
20045,1401,1
20049,1402,0
20056,1402,1
20057,1402,2
20060,1403,0
20061,1403,1
20062,1403,2
20063,1403,3
20064,1403,4
20066,1441,0
20096,1629,0
20097,1629,1
20098,1629,2
20099,1629,3
20100,1629,4
20101,1407,0
20102,1407,1
20103,1407,2
20104,1407,3
20105,1407,4
20111,1410,0
20112,1410,1
20113,1410,2
20117,1411,0
20118,1411,1
20119,1411,2
20120,1411,3
20121,1411,4
20127,1421,0
20130,1421,1
20135,1421,2
20138,1422,0
20139,1422,1
20140,1422,2
20143,1423,0
20144,1423,1
20145,1423,2
20146,1423,3
20147,1423,4
20174,1425,0
20175,1425,1
20177,1426,0
20179,1426,1
20180,1426,3
20181,1426,2
20182,1426,4
20196,1429,0
20197,1429,1
20198,1429,2
20205,1432,0
20206,1432,1
20207,1432,2
20208,1432,4
20209,1432,3
20210,1461,0
20212,1461,1
20213,1461,2
20214,1461,3
20215,1461,4
20216,1433,0
20224,1463,0
20225,1463,1
20234,1443,0
20235,1443,1
20237,1444,0
20238,1444,1
20239,1444,2
20243,1666,0
20244,1446,0
20245,1446,1
20254,1450,0
20255,1450,1
20256,1450,2
20257,1449,0
20258,1449,1
20259,1449,2
20260,1449,3
20261,1449,4
20262,2185,0
20263,2185,1
20264,2185,2
20265,2185,3
20266,2185,4
20330,1463,2
20331,1463,3
20332,1463,4
20335,1464,0
20336,1464,1
20337,1464,2
20359,1465,0
20360,1465,1
20361,1465,2
20375,1481,0
20468,1501,0
20469,1501,1
20470,1501,2
20473,1502,0
20487,1521,0
20488,1521,1
20496,166,2
20500,1541,0
20501,1541,1
20502,1542,0
20503,1542,1
20504,134,0
20505,134,1
20711,1561,0
20895,1388,1
20911,1431,0
20925,1430,0
23584,1581,0
23585,1581,1
23586,1581,2
23587,1581,3
23588,1581,4
23695,129,2
23785,1244,0
23822,1244,1
23823,1244,2
23824,1244,3
23825,1244,4
23881,167,0
23989,1353,0
24283,1310,2
24296,1303,3
24297,1303,4
24443,1625,0
24691,1347,2
24858,793,0
24866,807,1
24894,808,4
24943,828,1
24944,828,2
24945,828,3
24946,828,4
24968,843,0
24969,843,1
24970,843,2
24971,843,3
24972,843,4
25829,1627,4
25836,1628,1
25956,1631,0
25957,1631,1
25988,1632,1
26016,1633,1
26022,1634,0
26023,1634,1
27789,1635,0
27790,1635,1
27811,1636,0
27815,1636,1
27816,1636,2
27839,1638,0
27840,1638,1
27900,411,0
27901,411,1
27902,411,2
27903,411,3
27904,411,4
28332,70,1
28574,85,0
28592,68,1
28593,68,2
28996,1640,0
28997,1640,1
28998,1640,2
28999,1641,0
29000,1641,1
29062,1642,0
29064,1642,1
29065,1642,2
29074,1639,0
29075,1639,1
29076,1639,2
29079,611,1
29080,611,2
29082,1643,0
29084,1643,1
29086,1643,2
29140,1653,0
29143,1653,1
29144,1653,2
29179,1645,1
29180,1645,2
29187,1646,0
29189,1646,1
29191,1646,2
29192,1647,0
29193,1647,1
29202,1648,2
29205,1648,1
29206,1648,0
29438,1649,0
29439,1649,1
29440,1649,2
29441,1650,0
29444,1650,1
29447,2222,0
29590,1657,0
29591,1657,1
29592,1657,2
29593,1652,0
29594,1652,1
29598,1654,0
29599,1654,1
29623,1661,0
29721,1655,0
29723,1662,0
29724,1662,2
29725,1662,1
29759,1658,0
29760,1658,1
29761,1658,2
29762,1658,3
29763,1658,4
29776,1655,1
29787,1660,0
29790,1660,1
29792,1660,2
29801,1659,0
29834,1663,0
29836,1664,0
29838,1663,1
29859,1664,1
29888,1543,0
29889,1543,1
30054,1668,0
30057,1668,1
30060,1669,0
30061,1669,1
30062,1669,2
30063,1669,3
30064,1669,4
30108,1670,0
30143,1671,0
30144,1671,1
30145,1671,2
30146,1672,0
30160,1645,0
30242,1673,0
30245,1673,1
30246,1673,2
30247,1673,3
30248,1673,4
30283,1676,0
30288,1677,0
30289,1677,1
30290,1677,2
30291,1677,3
30292,1677,4
30293,1678,0
30295,1678,1
30296,1678,2
30299,1679,0
30301,1679,1
30302,1679,2
30319,1680,0
30320,1680,1
30321,1680,2
30326,1281,0
30664,1682,0
30665,1682,1
30666,1682,2
30672,1685,0
30673,1685,1
30674,1685,2
30675,1686,0
30678,1686,1
30679,1686,2
30706,1687,0
30798,1690,0
30802,1689,0
30808,1689,1
30809,1689,2
30812,1691,0
30813,1691,1
30814,1691,2
30816,1692,0
30818,1692,1
30819,1692,2
30823,1693,0
30864,1695,0
30865,1695,1
30866,1695,2
30867,1696,0
30868,1696,1
30869,1696,2
30872,1697,0
30873,1697,1
30881,1699,0
30883,1699,1
30884,1699,2
30885,1699,3
30886,1699,4
30892,1700,0
30893,1700,1
30894,1701,0
30895,1701,1
30902,1702,0
30903,1702,1
30904,1702,2
30905,1702,3
30906,1702,4
30919,1703,0
30920,1703,1
31122,1705,0
31123,1705,1
31124,1706,0
31126,1706,1
31130,1707,0
31131,1707,1
31208,1721,0
31209,1721,1
31211,1711,0
31212,1711,1
31213,1711,2
31216,1712,0
31217,1712,1
31218,1712,2
31219,1712,3
31220,1712,4
31221,1713,0
31222,1713,1
31223,1713,2
31226,1715,0
31227,1715,1
31228,1722,0
31229,1722,1
31230,1722,2
31234,1718,0
31235,1718,1
31236,1718,2
31244,1762,0
31245,1762,1
31380,1723,0
31382,1723,1
31383,1723,2
31569,1724,0
31570,1724,1
31571,1725,0
31572,1725,1
31574,1726,0
31575,1726,1
31579,1727,0
31582,1727,1
31583,1727,2
31584,1728,0
31585,1728,1
31586,1728,2
31587,1728,3
31588,1728,4
31589,1729,0
31638,1730,0
31639,1730,1
31640,1730,2
31641,1731,0
31642,1731,1
31656,1734,0
31657,1734,1
31658,1734,2
31661,1735,0
31667,1736,0
31668,1736,1
31669,1736,2
31670,62,0
31672,62,1
31674,1738,0
31675,1738,1
31676,1738,2
31677,1738,3
31678,1738,4
31679,1732,0
31680,1732,1
31682,1740,0
31683,1740,1
31687,1741,0
31785,2282,0
31821,1435,0
31822,1742,0
31823,1742,1
31825,1743,0
31826,1743,1
31828,1744,0
31829,1744,1
31830,1744,2
31833,1745,0
31835,1745,1
31836,1745,2
31837,1746,0
31838,1746,1
31839,1746,2
31840,1746,3
31841,1746,4
31842,1747,0
31844,1748,0
31845,1748,1
31848,1750,0
31849,1750,1
31850,1751,0
31851,1751,1
31852,1751,2
31858,1753,0
31859,1753,1
31860,1753,2
31866,1755,0
31867,1755,1
31868,1755,2
31869,1756,0
31871,1757,0
31872,1757,1
31876,1758,0
31877,1758,1
31878,1758,2
31879,1759,0
31880,1759,1
31881,1759,2
31935,1754,0
32043,1761,0
32381,1764,0
32382,1764,1
32383,1764,2
32385,1763,0
32387,1763,1
32392,1763,2
32393,1763,3
32394,1763,4
32477,1667,0
32483,1667,1
32484,1667,2
32601,1709,0
33142,1765,0
33145,1765,1
33146,1765,2
33150,1766,0
33154,1766,1
33158,1767,0
33159,1767,1
33160,1767,2
33161,1767,3
33162,1767,4
33167,1769,0
33171,1769,1
33172,1769,2
33186,1771,0
33190,1771,1
33191,1816,0
33192,1816,1
33193,1816,2
33201,2268,0
33202,2268,1
33206,1774,0
33213,1777,0
33214,1777,1
33215,1777,2
33221,1778,0
33222,1778,1
33223,1778,2
33224,1778,3
33225,1778,4
33371,1781,1
33589,1782,0
33590,1782,1
33591,1782,2
33592,1783,0
33596,1783,1
33597,1784,0
33599,1784,1
33600,1785,0
33601,1785,1
33602,1785,2
33603,1786,0
33604,1786,1
33605,1786,2
33606,1786,3
33607,1786,4
33776,2282,1
33831,1787,0
33851,1793,0
33852,1793,1
33853,1794,0
33855,1794,1
33856,1794,2
33859,1795,0
33866,1795,1
33867,1795,2
33872,1792,0
33873,1792,1
33879,1788,0
33880,1788,1
33881,1790,0
33882,1790,1
33883,1790,2
33886,1789,0
33887,1789,1
33888,1789,2
33889,1789,3
33890,1789,4
33917,1796,0
33956,1784,2
33957,1793,2
34151,1797,0
34152,1797,1
34153,1797,2
34293,1733,0
34295,1733,1
34296,1733,2
34297,1798,0
34300,1798,1
34453,1799,0
34454,1799,1
34455,1800,0
34459,1800,1
34460,1800,2
34462,1801,0
34464,1801,1
34465,1801,2
34466,1802,0
34467,1802,1
34468,1802,2
34469,1802,3
34470,1802,4
34475,1804,0
34476,1804,1
34482,1806,0
34483,1806,1
34484,1806,2
34485,1807,0
34486,1807,1
34487,1807,2
34488,1807,3
34489,1807,4
34490,1808,0
34491,1809,0
34492,1809,1
34493,1809,2
34494,1810,0
34496,1810,1
34497,1811,0
34498,1811,1
34499,1811,2
34500,1812,0
34502,1812,1
34503,1812,2
34506,1813,0
34507,1813,1
34508,1813,2
34692,1803,0
34753,1768,0
34838,1813,3
34839,1813,4
34859,1768,1
34860,1768,2
34861,1815,0
34908,1772,0
34909,1772,1
34910,1772,2
34914,1779,0
34935,1817,0
34938,1817,1
34939,1817,2
34948,1819,0
34949,1819,1
34950,1818,0
34954,1818,1
35029,1624,0
35030,1624,1
35100,1351,0
35102,1351,1
35104,1821,0
35110,1821,1
35111,1821,2
35363,1822,0
35364,1822,1
35395,1823,0
35396,1761,1
35397,1761,2
35446,1824,0
35448,1824,1
35449,1824,2
35541,1825,0
35550,1825,1
35551,1825,2
35552,1825,3
35553,1825,4
35578,1826,0
35581,1826,1
35691,1263,0
35692,1263,1
35693,1263,2
36554,1714,0
37116,801,0
37117,801,1
43338,617,0
44378,1843,0
44379,1843,1
44394,1844,0
44395,1844,1
44396,1844,2
44397,1845,0
44398,1845,1
44399,1845,2
44400,1846,0
44402,1846,1
44403,1846,2
44404,2209,0
44425,1847,0
44442,1849,0
44443,1849,1
44445,1850,0
44446,1850,1
44448,1850,2
44449,1851,0
44457,1852,0
44469,1851,1
44470,1851,2
44471,1851,3
44472,1851,4
44543,1853,0
44545,1853,1
44546,1854,0
44548,1854,1
44549,1854,2
44557,1855,0
44560,1855,1
44561,1855,2
44566,1856,0
44567,1856,1
44568,1856,2
44570,1856,3
44571,1856,4
44572,1857,0
44745,2214,0
45234,1858,0
45243,1858,1
45244,1858,2
46854,1859,0
46855,1859,1
46859,1860,0
46860,1860,1
46865,1862,0
46866,1862,1
46867,2231,0
46908,1864,0
46909,1864,1
46910,1865,0
46911,1865,1
46913,1866,0
46914,1866,1
46915,1866,2
46917,1867,0
46924,1863,0
46945,1870,0
46949,1870,1
46951,1871,0
46952,1871,1
46953,1871,2
46968,1872,0
47193,1880,0
47195,1878,0
47196,1878,1
47197,1878,2
47198,1875,0
47199,1875,1
47200,1875,2
47201,1876,0
47202,1876,1
47203,1876,2
47204,1876,3
47205,1876,4
47220,2045,0
47221,2045,1
47223,2045,2
47230,1883,0
47231,1883,1
47236,1885,0
47237,1885,1
47238,1885,2
47239,1885,3
47240,1885,4
47245,1283,0
47246,1283,1
47247,1283,2
47258,1888,0
47259,1888,1
47260,1888,2
47266,1890,0
47267,1890,1
47268,1890,2
47269,1890,3
47270,1890,4
47294,1893,0
47295,1893,1
47296,1893,2
47507,1894,0
47508,1894,1
47509,1895,0
47511,1895,1
47515,1895,2
47516,1901,0
47517,1901,1
47535,1896,0
47536,1896,1
47537,1896,2
47540,1897,0
47558,1903,0
47559,1903,1
47560,1903,2
47562,1905,0
47564,1905,1
47565,1905,2
47566,1905,3
47567,1905,4
47569,1906,0
47570,1906,1
47573,1907,0
47577,1907,1
47578,1907,2
47580,1909,0
47581,1909,1
47582,1909,2
47585,1910,0
47586,1898,0
47587,1898,1
47588,1898,2
47788,1911,0
48181,2041,0
48384,1912,0
48389,1913,0
48392,1913,1
48393,1913,2
48395,1912,1
48396,1912,2
48409,1914,0
48410,1914,1
48411,1915,0
48412,1915,1
48432,1918,0
48433,1918,1
48434,1918,2
48438,1917,0
48483,1919,0
48484,1919,1
48485,1919,2
48488,1925,0
48489,1920,1
48491,1920,2
48492,1921,0
48494,1921,1
48495,1921,2
48496,1922,0
48499,1922,1
48500,1922,2
48505,1926,0
48506,1928,0
48510,1928,1
48511,1928,2
48514,1925,1
48516,1924,0
48521,1924,1
48525,1924,2
48532,1920,0
48535,1930,0
48536,1930,1
48537,1930,2
48539,1929,0
48544,1929,1
48545,1929,2
48962,1932,0
48963,1933,0
48965,1934,0
48977,2015,0
48978,1938,0
48979,1939,0
48982,1941,0
48985,1942,0
48987,1943,0
48988,1944,0
48997,1945,0
49004,1948,0
49005,1949,0
49006,1950,0
49013,2008,0
49015,1953,0
49016,1954,0
49018,1955,0
49023,1958,0
49024,1993,0
49027,1960,0
49028,1961,0
49032,1962,0
49036,1963,0
49039,2215,0
49042,1968,0
49137,1971,0
49140,1973,0
49143,1975,0
49145,2018,0
49146,2039,0
49149,1981,0
49158,1985,0
49175,2031,0
49182,2017,0
49184,1989,0
49186,1990,0
49188,1992,0
49189,1959,0
49194,1996,0
49200,1997,0
49202,1998,0
49203,1999,0
49206,2000,0
49208,2001,0
49217,2003,0
49219,2004,0
49220,2005,0
49222,2007,0
49223,2011,0
49224,2009,0
49226,2022,0
49377,804,0
49390,1938,1
49391,1938,2
49392,1938,3
49393,1938,4
49394,2015,1
49395,2015,2
49455,2020,0
49467,2086,0
49471,2030,0
49477,1943,1
49478,1943,2
49479,1943,3
49480,1943,4
49483,1939,1
49488,1942,1
49489,1942,2
49490,1945,1
49491,1945,2
49495,2018,1
49497,2018,2
49500,2017,1
49501,2017,2
49503,1944,1
49504,1944,2
49508,1948,1
49509,1948,2
49526,1950,1
49529,1955,1
49530,1955,2
49533,1958,1
49534,1958,2
49538,1993,1
49542,1960,1
49543,1960,2
49562,1963,1
49564,1933,1
49565,1933,2
49567,1932,1
49568,1932,2
49571,1934,1
49572,1934,2
49588,2025,0
49589,2025,1
49599,2011,1
49610,2009,1
49611,2009,2
49627,2004,1
49628,2004,2
49631,1962,1
49632,1962,2
49633,2005,1
49635,2005,2
49636,2005,3
49638,2005,4
49654,2003,1
49655,2003,2
49657,1971,1
49661,1973,1
49662,1973,2
49663,1973,3
49664,1973,4
49786,1968,1
49787,1968,2
49788,1968,3
49789,1968,4
49790,2030,1
49791,2030,2
49796,1980,0
50029,1950,2
50031,2031,1
50033,2086,1
50034,2086,2
50040,2260,0
50041,2260,1
50043,2260,2
50115,1981,1
50117,2036,0
50118,2036,1
50119,2036,2
50120,2036,3
50121,2036,4
50127,1998,1
50128,1998,2
50129,1998,3
50130,1998,4
50137,2022,1
50138,2022,2
50147,2020,1
50149,1959,1
50150,1959,2
50151,1997,1
50152,1997,2
50154,1953,1
50187,2040,0
50190,2040,1
50191,2040,2
50334,1927,0
50365,1936,0
50371,1936,1
50384,2029,0
50385,2029,1
50391,2013,0
50392,2013,1
50516,1923,0
50685,144,0
50686,144,1
50687,144,2
50720,148,0
50796,1891,0
50880,2042,0
50884,2042,1
50885,2042,2
50886,2042,3
50887,2042,4
51052,2221,0
51099,2043,0
51108,1990,1
51109,1990,2
51123,2044,0
51127,2044,1
51128,2044,2
51129,2044,3
51130,2044,4
51160,2043,1
51161,2043,2
51166,1907,3
51167,1907,4
51179,1916,0
51180,1916,1
51181,1916,2
51182,1916,3
51183,1916,4
51267,2039,1
51268,1918,3
51269,1918,4
51271,1979,0
51456,2031,2
51459,2047,0
51462,2047,1
51463,2047,2
51464,2047,3
51465,2047,4
51466,2049,0
51468,2048,0
51470,2049,1
51472,2048,1
51473,2048,2
51474,2050,0
51478,2050,1
51479,2050,2
51480,2051,0
51481,2051,1
51482,2051,2
51483,2052,0
51485,2052,1
51486,2052,2
51490,2053,0
51521,2054,0
51522,2054,1
51523,2056,0
51524,2056,1
51525,2055,0
51526,2055,1
51527,2055,2
51528,2057,0
51529,2057,1
51530,2057,2
51531,2057,3
51532,2057,4
51533,2058,0
51554,2060,0
51555,2060,1
51556,2061,0
51557,2061,1
51558,2061,2
51560,2059,0
51561,2059,1
51562,2063,0
51563,2063,1
51564,2063,2
51565,2063,3
51566,2063,4
51625,2065,0
51626,2065,1
51627,2066,0
51628,2066,1
51629,2066,2
51632,2068,0
51633,2068,1
51634,2069,0
51635,2069,1
51636,2069,2
51662,2071,0
51664,2070,0
51665,2070,1
51667,2070,2
51668,2070,3
51669,2070,4
51672,2073,0
51674,2073,1
51679,2072,1
51682,2074,0
51685,2075,0
51686,2075,1
51687,2075,2
51688,2075,3
51689,2075,4
51690,2076,0
51692,2077,0
51696,2077,1
51698,2078,0
51700,2078,1
51701,2078,2
51708,2080,0
51709,2080,1
51710,2080,2
51711,2080,3
51712,2080,4
51713,2081,0
51745,2082,0
51746,2082,1
51881,607,2
51883,2083,0
51884,2083,1
51885,2083,2
51886,2084,0
52143,1984,0
52456,610,2
52783,1623,0
52785,1623,1
52786,1623,2
52787,1623,3
52788,1623,4
52795,1202,0
52797,1202,1
52798,1202,2
52799,1202,3
52800,1202,4
52802,1898,3
52803,1898,4
53137,2105,0
53138,2105,1
53209,2135,0
53215,2132,0
53216,2132,1
53217,2132,2
53221,2133,0
53222,2133,1
53224,2133,2
53228,2131,0
53232,2131,1
53234,2130,0
53237,2130,1
53238,2130,2
53241,2134,0
53243,2134,1
53244,2134,2
53245,2134,3
53246,2134,4
53252,2136,0
53253,2136,1
53256,2137,0
53259,2137,1
53260,2137,2
53262,2140,0
53263,2140,1
53264,2140,2
53265,2138,0
53270,2139,0
53290,2144,0
53291,2144,1
53292,2144,2
53295,2141,0
53296,2141,1
53297,2141,2
53298,2142,0
53299,2142,1
53301,2145,0
53302,2143,0
53303,2143,1
53304,2143,2
53375,2147,0
53376,2147,1
53379,2148,0
53380,2149,0
53381,2149,1
53382,2149,2
53385,2150,0
53484,2148,1
53486,2176,0
53488,2176,1
53501,2179,0
53502,2179,1
53503,2179,2
53519,1748,2
53527,2281,0
53530,2281,1
53551,2190,0
53552,2190,1
53553,2190,2
53556,2191,0
53557,2191,1
53563,2192,0
53569,2193,0
53576,2193,1
53583,2194,0
53585,2194,1
53590,2195,0
53591,2195,1
53592,2195,2
53595,2196,0
53620,2197,0
53621,2197,1
53622,2197,2
53648,2148,2
53660,2198,0
53661,2198,1
53671,2199,0
53673,2199,1
53695,2200,0
53696,2200,1
53709,2204,0
53710,2204,1
53711,2204,2
53754,2205,0
53759,2205,1
54037,1873,0
54038,1873,1
54117,1889,0
54118,1889,1
54151,2199,2
54154,2199,3
54155,2199,4
54347,1882,0
54348,1882,1
54349,1882,2
54354,1726,2
54486,2209,1
54488,2209,2
54489,2209,3
54490,2209,4
54637,2210,2
54638,2210,1
54639,2210,0
54646,2211,0
54658,85,1
54659,85,2
54734,1141,2
54747,2212,0
54749,2212,1
54787,2214,1
55050,1957,0
55061,2035,0
55062,2035,1
55090,2216,0
55091,1737,0
55092,1737,1
55094,62,2
55107,2217,0
55108,2217,1
55129,2218,0
55130,2218,1
55131,2218,2
55132,2218,3
55133,2218,4
55136,1953,2
55198,582,0
55225,2017,3
55226,2017,4
55233,2019,0
55236,2008,1
55237,2008,2
55339,2222,1
55340,2222,2
55610,2223,0
55620,2225,0
55623,2225,1
55666,2226,0
55667,2226,1
56314,2227,0
56315,2227,1
56316,2227,2
56317,2227,3
56318,2227,4
56333,2229,0
56336,2229,1
56337,2229,2
56339,2228,0
56340,2228,1
56341,2228,2
56342,1306,0
56343,1306,1
56344,1306,2
56611,2231,1
56612,2231,2
56613,2231,3
56614,2231,4
56636,2232,0
56637,2232,1
56638,2232,2
56822,1992,1
56834,2001,1
56835,2001,2
56924,1864,2
56927,2234,0
56929,2234,1
56930,2234,2
56931,2234,3
56932,2234,4
57470,2235,0
57472,2235,1
57499,2236,0
57810,2238,0
57811,2238,1
57812,2238,2
57813,2238,3
57814,2238,4
57849,2239,0
57850,2239,1
57851,2239,2
57865,2240,0
57873,2241,0
57876,2241,1
57877,2241,2
57878,2242,0
57880,2242,1
57881,2242,2
58410,1715,2
58413,2074,1
58414,2079,0
58415,2079,1
58422,2244,1
58423,2244,2
58424,2244,3
58425,2244,4
58426,281,0
58435,2245,0
58872,2246,0
58874,2246,1
59057,1992,2
59088,2247,0
59089,2247,1
59672,1886,0
59738,967,1
59739,967,2
59740,967,3
59741,967,4
60103,2249,0
60184,565,1
60185,565,2
60187,565,3
60188,565,4
60970,1868,0
61154,2034,0
61155,2034,1
61156,2034,2
61157,2034,3
61158,2034,4
61216,2250,0
61221,2250,1
61222,2250,2
61295,2064,0
61329,1705,2
61330,1122,3
61331,1122,4
61336,1162,0
61345,789,1
61346,789,2
62097,2252,0
62098,2252,1
62099,2252,2
62100,2252,3
62101,2252,4
62905,2259,0
62908,2259,1
63108,1041,0
63117,1884,0
63121,1884,1
63123,1884,2
63156,2261,0
63158,2261,1
63245,986,2
63349,1887,0
63350,1887,1
63351,1887,2
63370,2262,0
63372,2262,1
63373,2263,0
63374,2263,1
63410,2264,0
63411,2264,1
63457,1305,1
63458,1305,2
63503,2266,0
63504,1773,0
63505,1773,1
63506,1773,2
63534,1902,0
63542,1902,1
63543,1902,2
63560,2085,0
63574,351,0
63625,2267,0
63626,2267,1
63627,2267,2
63646,1442,0
63647,1442,1
63648,1442,2
63649,1442,3
63650,1442,4
63730,1904,0
63733,1904,1
63737,1904,2
64044,1908,0
64127,2279,0
64129,2279,1
64205,2280,0
64353,1848,0
64357,1848,1
64976,2283,0
65139,1791,0
65661,2284,0
66191,2284,1
66192,2284,2
66799,2285,0
66814,2285,1
66815,2285,2
66816,2285,3
66817,2285,4
